review_description,bug_category,review_date,appVersion
does not working correctly everytime it s temporary unavailable,Service Unavailability,2021-07-04 03:02:26,1.3.2
can t use not working fine so many bugs always temparary unavailable,Service Unavailability,2023-08-31 13:57:33,
the app has not worked since yesterday which shows service temporarily unavailable messages,Service Unavailability,2023-02-01 04:48:34,
ooops something went wrong pls try again shorty this is the most visible msg otherwise all the necessary items features are enabled but the main problem is most of the time provide above error app is really good if it is working well slt pls pay your attention,General Error,2021-06-25 18:25:14,1.3.2
useless app doesn t work most of the time,General Error,2020-10-27 14:17:56,1.0.6
app not works all the time mostly getting service temporary unavailable notification,Service Unavailability,2023-04-10 03:06:12,1.6.1
at most times it says that service temporary unavailable can t check or do anything at important times disappointed about the service,Service Unavailability,2023-08-25 16:56:31,1.7.0
why it always says service temporary unavailable,Service Unavailability,2023-08-15 08:29:25,1.6.1
this is not working screen says the service temporary unavailable,Service Unavailability,2020-06-16 04:46:01,1.0.0
absolutely useless full of errors this app is completely useless every time i try to use it it just shows errors and fails to perform even the most basic tasks when i need it the most it s completely unreliable the developers clearly haven t tested it properly don t waste your time or storage space on this app one star because zero isn t an option even can t place a complaint inside the app because it also says service temporarily unavailable,Service Unavailability,2024-07-27 15:53:24,1.8.0
useless app can t create an account not working,General Error,2020-07-28 04:32:30,1.0.4
useless unable to update,General Error,2023-08-25 10:41:20,
app features won t work properly and some bugs did not fix a long time,UI Issue,2025-06-08 18:09:11,2.1.0
the app doesn t work now says service temporarily unavailable fix it,Service Unavailability,2023-02-02 04:59:53,
service temporary unavailable from last week cannot use tha app,Service Unavailability,2021-07-03 00:13:18,1.3.2
most of the time app is not working unavailable very bad app,Service Unavailability,2025-05-21 06:51:09,
this app is useless not working properly,General Error,2021-10-14 04:34:54,
is it just me or does the app stop working often i can t even access the app today for some reason says service will be available soon,Other,2024-04-28 05:38:38,
full of errors useless app,General Error,2025-06-27 02:37:44,2.1.0
first myslt stopped working and now this app gives a message stating service is not available what s the point of this app if it doesn t work,Other,2020-07-11 01:24:18,1.0.4
myslt app is not working properly needs an urgent update to fix these issues,General Error,2024-08-21 04:43:34,1.8.0
still bill payment option is not working i thought that it might have corrected with this release but still it is same after entering details it goes to review page when i press the pay button there it goes back to the initial details entering page with empty fields tried several times failed i m wondering why the tech can t make a simple app that can make an online payment payment through the browser is also difficult due to a certificate issue very poor service by slt,General Error,2020-10-19 05:49:16,1.0.6
temporary unavailable for the past 1 week irritating,Service Unavailability,2024-05-27 13:30:29,1.8.0
service temporary unavailable please try again later,Service Unavailability,2025-05-23 13:09:00,2.1.0
it shows service temporary unavailable,Service Unavailability,2021-06-01 02:10:24,1.3.2
you might say something like this app is consistently unreliable often displaying temporary service unavailable messages it seems like the developers haven t put in enough effort making it a waste of time please avoid this app,General Error,2024-09-13 08:10:18,1.8.0
always shows errors,Other,2025-04-10 08:45:09,
getting an error for more than 2 weeks saying service temporary unavailable for all the pages i navigate,Service Unavailability,2020-05-31 09:32:02,1.0.0
it was working perfectly for the past two weeks it says either oops something went wrong try again later or service temporarily unavailable report same issue even after updating very disappointing,Login Error,2023-02-02 07:40:21,1.6.0
kaspersky products section value added services is not working not only in the myslt app but also in the myslt web page please fix it,General Error,2024-05-28 05:02:20,1.8.0
horrid app cannot pay bill and cannot even complain does not work properly,Payment Issue,2023-08-24 11:23:26,
service temporary unavailable since last month,Service Unavailability,2020-05-30 17:34:14,
most of the time it says service unavailable,Service Unavailability,2023-12-01 13:56:16,1.7.0
something is wrong with the app every time i tried to login for the past two days an error msg pops up saying the service is temporarily unavailable,Service Unavailability,2021-08-25 14:05:59,1.3.2
still unable to pay bills via this myslt app some features not properly done,Payment Issue,2022-11-26 07:05:59,1.5.4
please kindly fix the current issue of the app it is showing service temporarily unavailable,Service Unavailability,2020-05-28 02:39:40,1.0.0
a useless app with no updates and most of the links are not working tried removing and re installing with the same experience made a complaint but they have no clue whatvs wrong with their app,General Error,2025-05-05 18:59:40,
have been trying to access the app for the past few days and it keeps saying unavailable i usually check my data there so so annoyed,Service Unavailability,2021-04-20 10:47:36,1.2.2
useless app fully bugs,General Error,2025-01-01 12:05:09,
always service temporary unavailable lol app,Service Unavailability,2023-02-01 07:28:20,1.5.9
cannot even add my connection it says service temporary unavailable,Service Unavailability,2024-05-08 10:09:41,1.8.0
useless app so many bugs,UI Issue,2021-06-01 03:57:10,1.3.2
can t update contact info this is a basic feature that any service provider app should have and it s broken or missing in myslt contact details are essential for receiving alerts and updates so not being able to change them is a serious flaw please fix this,Contact Change Issue,2025-04-16 03:26:30,2.1.0
the current update is so buggy and unresponsive half the time it says service temporarily unavailable,Crash/Freeze,2023-05-31 15:23:34,1.6.1
what s with the app after the update it s not working service unavailable,Service Unavailability,2023-02-02 07:46:09,
i ve been trying to update my email on the myslt app for nearly two months and every time i get the same message service temporarily unavailable it s beyond frustrating on top of that i no longer receive my monthly bill via email which makes things even more inconvenient this is a basic feature that should work properly and it s disappointing that slt hasn t fixed it after all this time please prioritize your users and sort these issues out,Service Unavailability,2025-05-02 05:30:54,2.1.0
unable to sync my broadband account error message saying the service is temporary unavailable totally unusable,Service Unavailability,2020-07-02 04:32:57,1.0.0
app is fully failure,Other,2021-05-01 02:29:49,
can t create complain that feature is not working,General Error,2022-09-19 15:44:18,1.4.2
app randomly gives errors like oops something went wrong and service unavailable and it disappear after reloading the app fix that issue also improve the app loading time,Login Error,2024-01-03 16:12:44,1.7.0
lot of bugs can t even log a complain due to various reasons from time to time,Crash/Freeze,2022-05-04 01:38:49,1.4.2
app doesn t work properly sometimes it lags and says services temporarily unavailable,Service Unavailability,2024-05-22 06:08:04,1.8.0
useful but sometimes doesn t work,Other,2023-08-12 12:22:20,1.7.0
many options are not enabled to work properly or the options lack proper direction to get help from slt,Other,2020-12-11 01:18:10,1.0.6
full of bugs always something error massage comes up,UI Issue,2025-07-07 21:39:08,2.1.0
good app after the new update but sevice unavailable error is showing always,Service Unavailability,2021-06-01 03:26:22,1.3.2
i have an ongoing complain that submitted last year they fixed the error but the complain still exist i cant submit a new complain because of it,General Error,2023-05-20 12:05:08,1.6.1
app is crashing every single time i try to log in through facebook and showing a alert by my phone it has a bug,Login Error,2022-12-10 15:08:03,1.5.4
cant add on data on app its not showing the adding data volume and its freeze please fix the bug,Crash/Freeze,2024-04-30 05:12:27,1.8.0
useless app cannot check even bill balance,General Error,2020-07-30 20:23:40,1.0.4
always not working need to improve more most of time massage says app is not working try again shorty at that time uninstall re inatall app is working developper qc not verified properly app,General Error,2021-06-01 00:49:42,1.3.2
this app never works correctly every time i open it something is not right sometimes some features are not available altogether or there s some kind of a error message that make no sense at all i guess the only thing slt care about thses days are collecting bills increasing charges,General Error,2023-02-01 14:16:51,1.5.9
not working in my nokia 7 plus everytime show error,General Error,2021-06-06 17:30:36,1.3.2
something wrong with my app showing to update but not updating or not working also informed to slt but still the same no problem with the phone other apps working,General Error,2021-10-15 19:22:48,1.3.2
every time i try to load the app in the last couple of days it says that the service is temporarily unavailable it s been 2 days now and there hasn t been any fixes yet i can t even load the app to contact customer support this app is a waste of time,General Error,2024-05-22 03:36:56,1.8.0
failing app,Other,2021-04-22 14:46:04,1.2.2
long time i using this app for pay my bill but recently i cant pay using this app after all filing and say time out and not open otp sections why is that happen i pay other light and water there app has not that issue,Payment Issue,2022-05-26 09:45:03,1.4.2
after getting the latest update of the app app does not work properly data usage details and other features are not shown and always pop up error message something when to wrong,Update Issue,2023-05-30 05:16:50,1.6.1
does absolutely nothing useful app s servers are down all the time cannot even view the bill or usage what even is the app for,Payment Issue,2024-04-16 00:34:35,1.7.0
updated the app it cannot be used to check and pay bills as an error message comes up,Update Issue,2023-02-02 05:26:14,1.6.0
system error is displayed every time when i want to subscribe or unsubscribe a package can t do anything through the app,General Error,2025-04-22 14:52:39,2.1.0
always service temporarily unavailable,Service Unavailability,2024-05-07 16:40:03,1.8.0
09 09 2021 the app itself is useless most of the functions do not even work tried to make a complaint online it didn t work the gui is confusing and more over it flickers when scrolling down from dark to light and back to dark themes when you try to pay the bill suprise suprise that also doesn t work hence the app is useless 06 08 2023 2y since the last review still haven t worked on the payment gui why cant devos have a look mydialog app a much versatile app when it come to payment,Payment Issue,2023-08-06 05:46:07,1.6.1
useless you can t even make payment it won t work,Payment Issue,2022-05-11 16:35:12,
app isn t working,Other,2023-06-01 01:24:54,1.6.1
useless app full of bugs,UI Issue,2025-05-22 13:01:51,2.1.0
i cant update my contact information popup says sorry the service temporary unavailable since 3 days i cant change my mail,Contact Change Issue,2025-04-08 07:15:33,2.0.8
app does not work,Other,2021-04-10 02:04:16,1.2.2
the app isn t even working properly i can t view my bill and i can t pay as well tried registering to the online billing service but that seems to crash as well the app needs some serious attention and maintenance,Crash/Freeze,2021-06-01 01:19:09,1.3.2
just awful always says connection error and only shows me the current usage can t do anything other than that this happened to me on multiple devices and my connection is perfectly fine the app is just awful,Server Error,2023-02-18 21:42:00,1.4.2
useless app each time i log into the appa oops something s wrong no details are shown no point in using this,General Error,2020-10-02 05:21:08,1.0.4
i can t even add on data and change the package either,Data Sync Issue,2021-09-18 07:25:49,1.3.2
can t log in to the app every time error messages coming,Login Error,2020-05-31 13:32:45,1.0.0
when i adding complaint the app says the service is temporarily unavailable,Service Unavailability,2021-07-24 16:40:01,1.3.2
cannot log in to my account says the number needs to be in 10 digits when typed with 94 but when i try with 0 it says invalid mobile no format i need to know how much data i ve left what should i do is something wrong with the app or,Login Error,2022-07-23 04:43:32,1.4.2
one of the wrost app can t login fix all these isssue no star should be given,Login Error,2021-06-15 07:27:15,1.3.2
this app is not working properly unable to add my telephone number,General Error,2021-02-16 15:01:41,1.0.6
one of the most useless apps ever used no way to contact support always displays inaccurate amount of gb amount,Contact Change Issue,2020-04-13 07:18:42,
useless full of errors,General Error,2025-06-22 17:08:20,
this app hasn t been working since october,Other,2024-10-11 01:15:30,
says internal error all the time when i go to check daily usage no update available have cleared cache even tried reinstalling,Update Issue,2024-02-11 06:51:50,1.7.0
not loading the data usage giving me a error tried log out and log in also tried clearing data and cache and log in but still have the error,Data Sync Issue,2023-05-31 05:22:57,1.6.1
the most useless app in the history of android apps always errors saying connection issues while all other apps work perfectly slt should be ashamed of themselves,Network/Connection,2021-09-19 20:27:53,1.3.2
app is barely holding daily usage section does not work no details about data add ons intentionally removed important details such as what are the requirements to use data addons,Data Sync Issue,2023-12-24 17:06:29,1.7.0
well the app is overall okay with me but the main issue that is visible to me right now is when most of the time i m about to login to the app and check my data balance and details there are messages shows up displaying service temporarily unavailable oops something went wrong please try again shortly and this really mess me up most of the time btw sometimes everything loads up but the data balance shows n a if you guys can change this i will change my review to 5star immediately,Login Error,2023-05-31 16:38:43,1.6.1
well the app is overall okay with me but the main issue that is visible to me right now is when most of the time i m about to login to the app and check my data balance and details there are messages shows up displaying service temporarily unavailable oops something went wrong please try again shortly and this really mess me up most of the time btw sometimes everything loads up but the data balance shows n a if you guys can change this i will change my review to 5star immediately,Login Error,2023-05-31 16:25:14,1.6.1
i cant log also why dont u fix any,Login Error,2022-01-26 02:56:22,1.4.2
always service temporarily unavailable app is not working after the update does anyone know the email id to raise complaint,Service Unavailability,2021-04-26 02:57:29,1.2.2
too much reports but all are useless and also every month end app not work ever month end last two days data usage not showing realtime data usage can not see at the point useless app,General Error,2023-08-23 19:00:37,1.7.0
my slt app is not working in samsung android phone installed several times but same,General Error,2021-04-22 05:45:15,1.2.2
this app is not working there is no interest by slt to sort out this issue even after sending many emails with screenshots what s the point of having apps which are not working and email addresses which do not send replies,General Error,2020-09-17 01:43:40,1.0.4
bill pay option is not working it says it will available soon since about 1 year,Payment Issue,2025-06-23 02:08:04,2.1.0
history tab doesn t work,Other,2023-09-26 01:06:11,1.7.0
service unavailable,Service Unavailability,2023-05-30 15:36:50,1.6.1
it worked alright for like two weeks and now suddenly the app started to crash with a message account details not available please watch out this issue,Login Error,2020-06-18 05:23:25,1.0.0
another ewaste by slt mobitel app crashed every time i open it on my android 13 device or it says service temporary unavailable app sucks and often not responds to what i do ios version is still in okay condition but android needs a huge update idk why this huge tech companies make such use less apps like this my dialog is also such an waste and a bad reputation for the companies expected more from them update please,Service Unavailability,2024-05-21 14:39:40,
this app not working for android 8 1 0,General Error,2021-04-28 01:24:28,1.2.2
all of a sudden i can t login into the app you though my internet connection is available app is issuing error messages saying no internet,Login Error,2020-05-27 03:44:17,1.0.0
too meny bugs and always showing service unavailable,Service Unavailability,2021-08-31 19:08:32,1.3.2
after update app suddenly closed tried to completely uninstalled and reinstalled but problem still persit,Update Issue,2021-04-12 12:52:28,1.2.2
in my slt app unable to fine my package details it s says package details unavailable in data it s says insufficient permissions why,Service Unavailability,2025-05-01 03:55:48,2.1.0
i can t log into the app at the moment keep coming error message which is i m not connected to the internet but i m already connected to the internet and i can do other stuff eg youtube surf,Login Error,2020-05-25 00:42:51,1.0.0
can t make a payment,Payment Issue,2021-04-16 02:46:27,1.2.2
cannot use it says no service available,Network/Connection,2023-11-21 01:04:53,1.7.0
this app is the most useless app i have ever seen can t even sign up not compatible for give a single star,Login Error,2023-08-11 07:21:29,1.7.0
this app is full of errors the app is not working and i can t see my data balance can t even perform a simple task inside the application can only view the payment amount don t waste your time,General Error,2024-08-21 03:07:14,1.8.0
some times comming server error problem this app also like our government,Server Error,2024-04-23 16:54:58,
this app is always show various problems,Other,2021-10-09 15:12:53,1.4.1
can t pay my bill session timeout error appear every time at the end,General Error,2021-07-05 07:48:54,1.3.2
old features that were available and convenient for us is not there anymore,Other,2022-08-21 05:12:25,1.4.2
hopeless app always sign in issues and not at all user friendly,Login Error,2024-11-15 16:21:34,2.0.2
not working properly so frustrating and annoying,General Error,2021-12-15 07:05:04,1.4.2
what in the world is wrong with this app always crashing always showing an error message,General Error,2024-02-14 07:28:01,1.7.0
online payment not working,Payment Issue,2022-05-30 14:11:30,1.4.2
we can t use the app if the connection is disconnected i wanted to file a complaint through the app but getting the error the connection is bot active despite making the full settlement,Network/Connection,2023-11-05 11:17:52,1.7.0
app not working after updated its stucks,General Error,2021-04-06 23:58:47,1.0.9
i can t even change data add on package when i try to change it the app show system error notification,General Error,2023-04-12 14:57:48,1.6.1
oops somw thing went wrong keeps poping up no data is showing on the app,Data Sync Issue,2023-02-01 16:46:08,1.6.0
worst app ever currently the app displays service temporarily unavailable not only now for the past 2 or 3 weeks i am having this issue,Service Unavailability,2023-08-11 05:47:49,1.6.1
application doesn t work,Other,2023-08-28 19:07:33,
worst app ever getting unavailable service all the time and application keeps getting stuck i would encourage you to work on your mobile app next time rather than giving shakaboom packages,Service Unavailability,2023-01-31 18:41:36,
updated features app crash,Update Issue,2021-04-09 02:11:50,1.2.2
this app does not work properly could you fix it,Other,2024-01-09 02:25:34,1.7.0
it s disappointing always not working properly,General Error,2023-04-21 03:37:07,
not working properly always shows an error prompt when opened p s now there is no such an error still there is room to improve but overall it s usable,General Error,2022-07-02 22:28:20,1.4.2
always not working,General Error,2022-07-03 04:31:38,1.4.2
to hell with the ui cause it did the job but lately app is basically oops something went wrong try again shortly doesn t even do the job anymore,Login Error,2024-01-03 17:06:21,1.7.0
data missing bad service,Data Sync Issue,2020-04-17 08:42:14,1.0.0
really good app but some time this app temporarily not available what is the reason,Other,2021-10-15 15:07:31,1.4.1
bug bug bug,Other,2021-06-01 02:29:54,
this app is not working for sometime now when will you be fixing it,General Error,2022-12-07 06:37:13,1.5.2
it doesn t work i tried checking my remaining data but it always says something went wrong please try again later,General Error,2024-01-03 19:30:09,1.7.0
now i opened this why is service temporary unavailable,Service Unavailability,2021-06-01 03:41:17,1.3.2
now always saying your transaction was unsuccessfully please try again,Payment Issue,2023-04-10 07:11:34,1.6.1
it is not working properly always says service error and more i can t even get that happy day data also its totally worst,General Error,2023-02-01 08:57:09,1.5.9
no good app app is not working properly,General Error,2023-04-08 06:51:37,
can t even launch a stable app,Other,2020-05-22 06:06:07,1.0.0
can t do payments,Other,2021-09-03 07:45:17,
cannot update,Update Issue,2023-08-21 10:02:20,1.7.0
useless app every,General Error,2021-05-31 08:04:24,1.3.2
not working signup always showing error slt website also same,General Error,2024-10-11 17:23:32,2.0.2
not work every day problum this apps,Other,2023-02-16 07:24:30,
app is alright to pay the bills only but when it comes to getting a service its terrible totally useless i tried to get the happy day it keeps saying bad request and on the web also says system error please fix your portal without just keeping the bill payment system working,Payment Issue,2023-02-23 19:29:15,
half of the services are unavailable poor service no quick access no responses shittttts,Service Unavailability,2023-01-03 17:49:28,1.5.8
the app ui is extremely unpleasing it s hard to navigate through some features don t even work,Other,2024-03-28 12:14:34,1.7.0
i can t register every time i try it says try again,Login Error,2021-12-04 13:43:14,1.4.1
so basically you guys taking out the working app and replacing to a broken app ggwp cant even login what a joke,Login Error,2022-07-02 15:05:51,
not working most of the time,General Error,2023-08-28 14:39:29,1.7.0
no broadband usage working online payment not working bad app,Payment Issue,2020-12-25 11:55:37,1.0.6
not working as expected i have only added my broadband account and it doesn t even show the account details instead it gives an error message saying sorry account details not available on the other hand why do you have two different self care apps merge both myslt app and slt selfcare app if i want to upgrade my broadband package that also not working i can t see any options to do so stop releasing buggy apps,General Error,2020-07-07 04:55:07,1.0.4
can t log in to the app error says there must be only 10 digits to a user name,Login Error,2021-05-10 09:15:39,1.2.8
doesn t work after update,Update Issue,2021-04-11 12:36:53,1.2.2
the most useless app of the all time nothing work i m really pissed,General Error,2021-09-23 06:08:19,1.3.2
not working for android 6 0,General Error,2021-05-29 04:21:09,1.3.2
i downloaded yesterday and open it its only view err service temporary unavailable,Service Unavailability,2021-05-25 23:16:02,1.3.0
cannot report complaints from app,Other,2022-09-07 13:39:48,1.4.2
nothing can be done other than paying bills and even it doesn t show the activated services every time error message is indicating in complains,General Error,2021-12-15 15:00:39,1.4.2
everytime it get errors,Other,2023-01-31 09:11:10,1.5.9
service is little bit late but good sevice important you should give us an option in my slt app to close the complain made by us becase after one of your team solved the issue and next day agin one of your team called me and ask about the issue if the app have an option to close the complain its good for you and good for us as well,Other,2021-08-19 08:48:36,1.3.2
app bill details app developing zero,Payment Issue,2020-11-24 05:28:31,1.0.6
when a new version is available we are not allowed to use the existing version without updating when there is no space left in the phone to update the app is not usable at all,Update Issue,2022-01-16 04:13:09,
app is not working after the update,General Error,2021-04-06 14:27:59,1.0.9
this app is not working,General Error,2021-04-17 12:48:26,
cannot sign in with fb,Login Error,2023-11-22 16:14:30,1.7.0
app buttons are not working properly,General Error,2022-02-22 00:33:47,1.4.2
cannot activate packages throws internal server error,Server Error,2024-05-27 12:32:20,1.8.0
useless app wrong bill details,General Error,2021-06-12 16:05:40,1.3.2
what is wrong with the devs bro fix the bugs telling error in information update is not bug fixing disappointed af worst app ever and slow as christmas,Update Issue,2025-04-22 14:22:34,
it was fine but for the past few days i haven t been able to update my contact details if that issue is fixed the app would be fine for me,Contact Change Issue,2025-04-17 08:47:13,2.0.8
slt kaspersky page is not working at least can t login to my account to verify with slt kaspersky please fix this,Login Error,2023-11-04 21:31:34,1.7.0
i checked my details from 1212 but when i include those details its also showing error,General Error,2021-06-26 12:11:18,
the online payment method doesn t work it even send the code for your for phone but after entering it notification is received saying something went wrong i tried 5 different cards,General Error,2020-05-14 08:17:08,1.0.0
when i try to add extra gb app doesn t show anything,Other,2025-01-23 18:18:14,2.0.8
yes it is a useful app but this app doesn t work when you need it full of bugs,UI Issue,2021-10-09 08:10:23,1.4.1
useless service now the app is saying no longer compatible with your device it was working all this time before the slt mobitel merger,General Error,2021-07-02 05:11:27,1.0.6
cannot log in to the app typical government service,Login Error,2020-05-14 11:58:17,1.0.0
bug bug bug bug,Other,2021-10-12 07:41:46,1.3.2
upgraded to new version now the app is giving many errors unable to see at least data usage old version worked untill it was upgraded please lookin to thus matter as sooner due to this i am botable ro activate youtube free offer also,Update Issue,2023-02-02 14:39:27,1.6.0
very bad and useless app can t even log into it do not even install it it is a wastage of your data,General Error,2021-09-27 08:19:31,1.3.2
it has very poor service it unavailable to work in many times,Service Unavailability,2024-02-14 10:02:49,1.7.0
useless app even can t submit otp at beginning,General Error,2021-05-16 04:35:39,
app is not installing,Other,2021-11-07 14:31:53,1.0.6
cannot add extra gb via this app now,Other,2023-04-24 15:11:28,1.6.1
this app is full of bugs looks like they put zero affords to maintain their selfcare app honestly dialog does a far better job at keeping their app optimised and polished dialog selfcare app is beautiful and polished but slt app looks like it straight came from the 19s full of bugs and errors just give some attention to your selfcare app,UI Issue,2024-12-26 17:19:37,2.0.8
worst app ever always the service is unavailable can t view data balance and bills pls fix this error,Service Unavailability,2023-05-30 16:45:49,1.6.1
there are so many bugs and crashes this app doesn t works properly,UI Issue,2021-06-01 05:10:33,1.3.2
terrible app when i open the app always it always say service temporary unavailable can t get any services from the app as a leading telecommunication company in the country slt should ashamed their self about this app,Service Unavailability,2022-09-06 14:03:50,1.4.2
it cannot update and even open the previous app give me a solution plz,Update Issue,2021-10-13 05:22:52,1.4.1
app keeps crashing i could never use the app i am using a samsung galaxy note 9 android version 8 1 0,Crash/Freeze,2021-04-17 12:30:50,1.2.2
can t make new complaints old complaints are still in progress even though they completed,Other,2024-06-26 13:10:47,1.8.0
this app is completely useless full of errors don t waste your time or storage space on this app,General Error,2025-03-01 16:08:00,2.0.8
as i wanted to pay my slt telephone bills from home via online i installed this myslt app last week since then i am trying many times to sign in to the app which is made necessary but to my dismay i was unable to do it due to faults of this app every time i try it and enter the required otp number which is sent to my email your message shows that it is wrong sometimes your message say that service is temporarily unavailable how can i get your service pay my bills i am disappointed,Service Unavailability,2021-07-05 22:58:37,1.3.2
sometimes this app service is not good please fix this error,General Error,2023-02-02 07:24:43,1.6.0
when logging to the app probably we are indicated error notification,General Error,2023-08-25 23:43:47,1.7.0
app is not working after the latest update,General Error,2021-04-12 06:22:28,1.2.2
this app is useful but some times unable to add extra gb try to fix this problem,Other,2021-10-28 13:36:32,1.4.1
app is not stable sometimes app does not loading,Data Sync Issue,2024-03-31 14:51:46,1.7.0
the app has so many bugs when i went to pay my bill it wouldn t respond,UI Issue,2023-08-24 09:52:39,
excellent but some features are unavailable,Service Unavailability,2023-01-16 14:12:40,1.5.9
cannot enter id deatails,Other,2020-08-23 05:46:57,1.0.4
one of the most annoying apps crashes all the time even when your trying to check the basic information slt pls fix app asap no point prompting it in all media channels if you can t deliver,Other,2021-09-01 15:09:40,1.3.2
one time payment method is now not available this is a hige miss in this app,Payment Issue,2022-08-18 03:25:46,1.4.2
the app is not working i can t join,General Error,2020-12-15 18:10:06,
the app is ok but the mesurment makes false as my 40 gb finishes in days 10 days so if you all can see why this happens otherwise everythings fine and fast,Other,2024-11-26 00:38:56,2.0.6
very useless and broken app also why does it matter if i have a data balance in my broadband account if i want to make a complain releted to broadband via this app this app is a joke now it shows an update now message where there is no update available in playstore,Login Error,2023-08-22 10:38:11,1.7.0
no longer works on rooted devices,Other,2021-04-09 14:13:44,1.2.2
history tab previous package buying detals by date not working fix that as soon as possible,General Error,2024-06-08 05:17:36,1.8.0
this app has a lot of issues and doesn t work as expected,Other,2025-04-21 18:23:00,2.1.0
visa card payments not working,General Error,2022-06-24 10:12:31,1.4.2
very poor app most of the time it doesnt work they can t make proper app for their connection,Network/Connection,2023-05-29 17:28:34,1.6.1
after update it can t open,Update Issue,2021-04-10 10:40:11,1.2.2
errors errors errors,Other,2025-04-12 17:05:42,2.0.8
update issue please fix it,Update Issue,2023-08-18 05:08:05,1.7.0
not working always,General Error,2023-02-02 05:39:57,1.6.0
app is not working it says my device is rooted and app not working on rooted devices my phone is never rooted and i have checked via few root checker tools an d device does not have root privileges please correct this bug redmit note 7 android ver 10 miui 12 5,General Error,2022-10-21 04:34:28,1.5.2
app does not work always a message comes as services will be available soon tried multiple times but no use will uninstall,General Error,2021-05-07 04:01:29,1.2.8
tried to change package gets an internal error message honestly why do you even bother stay in the stone age like you used to slt,General Error,2021-07-15 08:05:57,1.3.2
i cant pay my e bill using app previous month it works but now its doesnt work,Payment Issue,2022-06-28 15:05:00,1.4.2
service not available,Other,2024-05-26 15:46:17,1.8.0
service not available,Other,2024-02-14 06:26:56,1.7.0
can t add extra gb using this app sometime it works but sometime it doen t it isn t consistent,Other,2024-03-28 13:31:57,1.7.0
bad services unable to pay even bill also,Payment Issue,2022-05-27 10:47:49,
it cant even pay bills,Payment Issue,2021-04-14 10:59:50,
cannot add promo codes please check the character length validation of the promo code field redeem button is disabled even after adding the promo code,UI Issue,2022-07-12 14:12:51,1.4.2
there are so many errors display when loging very very disappointed,UI Issue,2023-12-26 05:27:30,1.7.0
the new update is better keep it up with your rapid development one missing functionality is to reload the checking usage of the remaining data percentage size i have to close the app from the task menu and reopen it again to check the remaining data or usage but the add on data or extra gb data are getting refreshed when i go back and click on the button again the above issue is making super frustrated sometimes please add the reload feature pull to refresh thanks,UI Issue,2023-08-10 05:11:17,1.7.0
protocol report doesn t display it tries to load up the contents but fails and end up with a blank screen,UI Issue,2023-07-12 00:40:20,
not working on my opoo f17 device,General Error,2024-12-18 06:09:54,1.7.0
useless app,General Error,2025-03-13 07:22:37,2.0.8
useless app,General Error,2023-03-17 17:40:45,1.6.1
useless app,General Error,2023-01-21 07:17:06,1.5.9
useless app,General Error,2021-06-01 01:31:56,1.3.2
useless app,General Error,2021-07-07 06:09:46,1.3.2
useless app,General Error,2025-04-09 15:54:28,
no use does not work slt has a huge staff and does nothing to improve service apps full if bugs online payments do not work otp never reaches the phone,General Error,2020-10-28 06:39:59,1.0.6
please enhance the complaint section in the app by providing a status of the complaint successful failed when i tried to file a complaint using this app it did not give any feedback nor returned to the previous state therefore i clicked the submit button multiple times which resulted in multiple complaints please fix this,UI Issue,2021-06-02 09:24:49,1.3.0
i ve been trying to log into my account but it showed sorry for the inconvenience caused service will be available soon i contacted the slt hotline after waiting for almost 16 minutes but they couldn t fix that problem either disappointed please give the old app back,Login Error,2022-07-07 14:35:25,
useless app with useless staff created a complaint no action has been taken for once week when i try to create another one after 10 days it says already has one and updated but can t open the existing complaint,Update Issue,2023-02-17 07:52:24,1.6.0
this app always shows me 2 messages 1 internal server error 2 system error idk how to deal with these intrusive errors,Server Error,2025-01-16 15:46:06,2.0.8
can t even pay my bill in this app previous app is better than this this new updated app is complete failure worst app ever i tried to pay bill but it did not go through payment prossces atleaset this app dosen t show my account status now my internet is not working slt is totally waste of time and waste of your money,General Error,2021-04-23 11:10:00,1.2.2
it is not working properly,General Error,2023-04-10 02:56:03,1.6.1
can t pay money with new update fix it,Update Issue,2021-04-18 08:08:49,1.2.2
employees does not close their reports and let them stay open for months better to use the hotline than this app to report issues,Other,2024-04-25 06:25:42,1.8.0
no customer satisfaction those options functions are not working properly,General Error,2021-06-02 07:43:09,1.3.2
can t pay online my add ons,Payment Issue,2021-10-04 06:13:32,
you have to get a master s degree in myslt app to just login and after when you login it says sorry there s a error try again later and it shows lies about data usage,Login Error,2024-01-04 06:35:28,1.7.0
i ve been trying to enter my account for multiple time but it is still showing errors very poor build up,Login Error,2021-06-25 18:58:30,
worst app ever used lot functions not working in app even trough app we cant add funds and active packages customer support saying if want recharge go to nearest branch or food city,General Error,2024-03-16 12:43:46,1.7.0
most of the time this app shows an error when i try to check the data balance which reminds that i can t expect more than this from a government based internet connection with low skilled developers,Network/Connection,2023-02-02 15:51:16,1.6.0
what was wrong with the previous slt selfcare app the ui is still convoluted and messy the color choice is dank and it does not match with the nice blue colored bootup splash screen i stumbled up here since i saw an error saying service currently unavailavle but the web version is working like a charm as if nothing has happened,Update Issue,2023-05-30 03:08:27,1.6.1
after adding my slt details app showing my no but no other details,Other,2020-05-18 16:01:04,1.0.0
it doest sign in i repeatedlt checked my user id and pw entered 100 correct but keep on rejecting error says need 10 diguts,Login Error,2021-08-02 18:19:15,1.3.2
service currently unavailable now 3 days,Service Unavailability,2023-04-26 01:40:45,1.6.1
some services are not available end of the month thank you,Other,2025-04-29 03:18:56,2.1.0
some faults in the app,Other,2021-06-07 02:19:52,1.3.2
still can t view night time remaining data separately we need to calculate it,Data Sync Issue,2021-09-25 18:48:30,
app always says something went wrong gb purchased history shows error and give wrong info,General Error,2021-06-27 04:31:24,
cannot even log in to the app shows as invalid password but even if i reset it still doesn t work,Login Error,2021-09-19 18:19:10,1.3.2
not user friendly cannot login previous app has been discontinued without informing the customer promptly painful experience,Login Error,2022-07-29 16:43:41,1.4.2
can t pay the bill online,Payment Issue,2021-04-29 03:32:47,1.2.8
earlier it was ok now the bill payment is not working why the developers are not seen this kind of things people are mentioning earlier also about this just to develop the software is not enough it should be up to date i don t know why these guys are what doing on their office time,General Error,2020-10-13 04:21:55,1.0.5
the user interface is very frustrating to use can t find my package details even,UI Issue,2024-06-30 14:36:17,1.8.0
not working,General Error,2025-04-18 04:09:56,1.7.0
not working,General Error,2024-03-24 00:39:03,1.7.0
not working,General Error,2024-03-05 05:10:09,1.7.0
not working,General Error,2020-07-08 06:33:35,1.0.4
not working,General Error,2021-04-07 04:21:14,1.0.6
not working,General Error,2021-04-13 06:11:02,1.2.2
not working,General Error,2020-07-11 02:07:23,1.0.4
not working,General Error,2020-07-27 06:04:19,1.0.4
data remaining not show,Data Sync Issue,2025-07-07 15:10:19,2.1.0
so many errors even can t see the bills,Other,2020-12-01 02:09:57,1.0.6
cannot clearly see the history of bill amounts,Payment Issue,2021-09-27 11:04:53,1.3.2
it says to update but not updating,Update Issue,2023-08-26 04:31:51,1.7.0
ful bugs fix thanks,Other,2021-10-12 14:34:06,1.3.2
cant add account its no bad app plz fix all bugs,Login Error,2020-09-21 07:30:42,1.0.4
can t even pay the bill anymore,Payment Issue,2022-09-09 07:38:35,1.4.2
application isn t working correctly and when i was trying to log in to the app and i entered username and password correctly application responded me need 10 digits please fix this issue your customer service so disappointed,Login Error,2021-07-15 19:17:29,1.3.2
4 stars becoz even tho the connection is provided every month there are few issues like less package offers suchas netflix packages and etc could be added another issue is that most of the time connection signal ain t working well which is bit irritating hope y all fix this asap other than that easy to understand on how to use the app so i guess good wifi than dialog atleast,Network/Connection,2022-12-30 04:44:48,
app gets stuck frequently,Crash/Freeze,2024-05-24 10:36:10,1.8.0
when i submit otp code the app says app requires a working internet connection which you don t have at the moment hey i was connected to my slt router at the moment which i used to download the app a few moments ago,Network/Connection,2021-05-15 03:11:32,1.2.8
application can t attach a location please add the location picker to get exact location and can t submit complains too,Other,2021-07-04 18:27:25,1.3.2
can not add data from debit card,Data Sync Issue,2021-08-31 05:34:17,1.3.2
using for years but still the customer service team can t make the app to see the usage of the bill,Payment Issue,2025-06-29 04:49:01,1.4.2
do not do force update it always blocks user action when there is a connectivity issues and there s no data to update very inconvenient,Update Issue,2024-12-02 06:56:59,2.0.2
error error error invalid password why you cannot make a app correctly,Login Error,2021-06-26 09:06:42,1.3.2
lot of bugs and inconsistencies,Crash/Freeze,2023-08-23 17:48:32,1.7.0
i sent a message saying my phone is not working i got massage saying your complaint was resolved but still my phone is not working,General Error,2020-07-31 02:15:06,1.0.4
not work my slt app,Other,2021-05-31 05:44:55,1.3.2
i was using this app my bill is also linked to it however my details were automatically deleted and then i tried to enter my telephone number account number and my id but i got an error message saying my id is wrong,Login Error,2025-01-06 07:32:04,2.0.8
not working properly when ever i log in and it s says broken connection,General Error,2021-10-04 16:24:14,1.3.2
bill details are not showing now,Payment Issue,2020-05-20 09:37:00,1.0.0
useless app always lagging when trying to use customer care worst thing is the displaying data balance is always wrong in the app,General Error,2020-04-13 01:48:51,
useless,General Error,2020-11-03 11:24:48,1.0.6
useless,General Error,2022-07-06 04:34:35,1.4.2
useless,General Error,2021-05-30 10:52:34,1.3.2
useless,General Error,2021-06-08 10:48:33,1.3.2
useless,General Error,2021-06-17 08:02:52,
poor condition not working properly,General Error,2020-10-21 16:07:11,1.0.6
this is the worst app i ever used i was in an online class and i immediately needed some extra gb but nothing works in this app when i chose the amount of gb also when i tried to sign out from this app i could not sign out what i don t understand is that despite being an organization which works with technology they cannot make a proper app i am completely disappointed,General Error,2021-07-18 16:51:23,
when at an urgent situation this app always doesn t work it made me helpless many times one of the worst apps i have ever seen,Other,2024-11-29 13:37:34,2.0.6
garbage 90 of the time this app shows a exclamation mark at the home screen it s not working specially at the end of the month so you can t unsubscribe from the addons,General Error,2021-06-01 02:23:56,1.3.2
every time error,General Error,2021-07-04 16:11:54,
not working properly this app is a garbage,General Error,2022-04-29 06:32:23,1.4.2
this app always get crashed when i try to pay bill through this app it always shows that my number is wrong please give a hint on required format so that it is not confusing there are lots of options but very few is working,Payment Issue,2022-01-13 03:14:45,1.4.2
very bad app useless,General Error,2025-03-21 03:21:32,
tried to check the bills no response,Other,2022-09-08 10:41:46,
dont even deserve a single star many of icons in app is not responding very dissapointing,Crash/Freeze,2022-07-19 16:21:41,1.4.2
unable to download the app,Other,2022-07-10 13:09:44,1.4.2
slt email sending error comes,General Error,2024-05-10 11:15:56,1.8.0
unable to view remaining data buy extra gb package details it keeps prompting a message to change the slt package to view data usage,Data Sync Issue,2023-01-28 05:01:08,
only can subscribe add on if you need unsubscribe you must visit slt office app says system error,General Error,2023-12-27 00:03:10,
internal server error,Server Error,2024-05-29 02:34:35,1.8.0
can t even send a complaint can t update number can t even pay as with everything else slt you tell them take your money and they say no thanks,Contact Change Issue,2022-05-29 11:28:31,1.4.2
useless app can t imagine that you are best network provider for this country dont understand that why u have two apps myslt selfcare update the one app properly let it give a best service to consumer,Network/Connection,2020-08-03 00:54:36,
cannot sign up using google or credentials,Login Error,2021-05-31 06:01:28,1.3.2
samsung j7 prime app crash automatically wrost app,Crash/Freeze,2021-05-01 05:16:52,1.0.6
you should merge myslt app into this app need data usage summary cant use 2 3 apps make it as a one app,Data Sync Issue,2020-05-07 15:55:40,1.0.0
basically the app is good but most of the when i want to check data balance or add extra gb it says service is temporarily unavailable,Service Unavailability,2024-05-22 00:48:50,1.8.0
poor app most of the functions not worked well otp not received on time e bill also not received to email,OTP Issue,2024-12-07 09:59:40,2.0.6
always not responding,Crash/Freeze,2024-05-21 16:10:26,1.8.0
one of the worst application cannot resend the bill request and cannot lodge a complaint the location cannot be added,Payment Issue,2022-11-05 08:32:52,1.5.2
why i can t open some apps through this connection,Network/Connection,2023-04-29 18:30:51,1.6.1
it s good to have an app but the issue with this application is that you have to contact the service team to get your account set up where as you cant register by yourself and use it which makes it a bit useless please check on this and fix it appropriately so that it will be easy for users to check there connection status which also will minimize the call which we take just to set up an application,Login Error,2021-07-05 14:52:13,
earlier the app was useless upgraded app is really superb,General Error,2022-07-11 07:27:27,1.4.2
poor app i failed to even sign up cause this stupid app keep saying i don t have working internet while i do,Network/Connection,2021-04-06 16:25:14,1.0.9
half the time service is unavailable the design is horrible and hard to find certain options i previously used the slt broadband app and it was 100 times easier and more convenient to use i now have to call the customer care number to add or remove services which i could have done through the previous app super dissatisfied with the new app,Service Unavailability,2022-07-29 12:59:31,1.4.2
can not login with your personal informations of slt package mad verification system,OTP Issue,2020-04-14 01:37:39,1.0.0
app crashed just after login can t do anything,Login Error,2021-04-24 12:59:15,1.2.2
good app but sometimes some options are not working,General Error,2021-12-29 06:02:47,1.4.2
it doesn t work it won t even load,Other,2023-02-02 14:24:42,1.6.0
can t add a new account all details are correct but receiving a error,Login Error,2022-07-28 13:49:20,1.4.2
after the update app automatically log off my account now i cannot log in again,Login Error,2021-04-27 01:51:54,1.2.2
although the app is really useful user experience is awful full of bugs system doesn t work when you need it very slow,UI Issue,2021-10-03 05:16:34,1.4.1
can t even change contact information edit the dev team behind this app have to be the most incompetent team of software devs on any app it s been a month and a half and they still haven t fixed the issue nice job,Contact Change Issue,2025-05-07 02:49:27,2.1.0
one of the wast app all the time showing something went wrong,General Error,2023-01-31 15:38:41,1.5.9
the app s great but it only supports phones with android 6 which kinda bums me out try to make it compatible with phones with android 4 and above,Other,2021-10-20 07:39:24,1.4.1
this app is freezing on galaxy s6 booting randomly useless,General Error,2020-04-14 14:25:51,
the most stupid app ever met never expect this kind of error in slt,General Error,2021-04-27 02:02:34,1.2.2
there is a problem with this app in the new update it does not show two accounts it was shown in the previous version,Update Issue,2022-11-04 03:23:02,1.5.2
unable to link my account stating some error occoured pls chk,Login Error,2020-05-20 19:23:30,1.0.0
when i try to login i m getting sorry for the inconvenience caused service will be available soon message when will be the service available again when will be this issue resolve,Login Error,2023-12-05 16:46:11,1.7.0
payment method does not work,Payment Issue,2021-04-17 08:00:49,1.2.2
i can not download bill please fix this issue,Payment Issue,2025-02-24 12:53:39,2.0.8
my device is rooted and this application is not working,General Error,2021-07-06 17:12:49,1.3.2
what a useless app i don t why you can t maintain professional standard mobile app this is like a primary age mobile application,General Error,2021-06-04 03:43:19,1.3.2
the add extra gb option doesn t work,Other,2022-07-26 16:10:10,1.4.2
not working on rooted devices lol,General Error,2022-05-25 06:36:26,1.4.2
app keep crashing,Other,2022-12-23 04:45:41,1.5.4
cannot log complaints very bad service always not able to do an action,Login Error,2024-01-05 14:43:09,1.7.0
horrible no usage systems work nothing works,General Error,2023-01-07 17:54:44,1.5.4
i just paid the november month bill thru this app and ended up getting freezed but the amount for deducted from the bank account the app is really useless garbage since app getting freeze during payment is horrible i need an immediate solution,Login Error,2023-12-02 18:00:33,1.7.0
youth add on 7 days package don t work,Other,2023-05-21 10:46:54,1.6.1
complain section logic bill system reconnect erro service barred 1212 service complain online app low pay bill complain submit logic,Payment Issue,2024-02-06 07:48:04,1.7.0
i can t type one time password when i trying to pay the bill,OTP Issue,2021-04-22 15:09:44,1.2.2
not working properly,General Error,2022-01-04 09:40:27,1.4.2
not working properly,General Error,2023-03-04 03:07:37,1.6.1
can t even log in properly,Login Error,2025-03-14 06:26:38,2.0.8
bill payment page not fill my account number but show that previous page and when enter telephone number it getting error wrong telephone number so how to pay,Login Error,2022-08-27 13:04:29,1.4.2
horrible app doesn t work 95 of the time always says oops something went wrong and doesn t show my monthly data usage or how much i have left with this new update they have also removed the ability to check your peak and off peak hours at a glace on the daily usage page i believe slt is trying on purpose to get us to mismanage our data usage so that we have to buy extra gigs it s pathetic,Login Error,2023-02-21 07:02:18,1.6.1
mobile online payment gateway is not working please fix it couldn t pay the bills,Payment Issue,2024-11-25 02:35:58,2.0.6
app doesn t response correctly there is a popup message always comming up saying something went wrong,General Error,2022-09-08 14:56:00,1.4.2
this app is useless for users most of the time shows nothing say error error wasting time and can t see the details of mobitel account in same app even they say sltmobitel they should develop this app accurately and user friendly they have just tried to introduce this app only not giving a service to customers,Login Error,2021-05-31 18:52:37,1.3.0
can t make a complaint through the app this case is observed for recent few weeks,Other,2021-10-07 07:41:06,1.3.2
can t even make a complaint via app,Other,2023-01-14 11:40:10,1.5.9
terrible ui app frequently breaks with various error messages,General Error,2023-09-08 04:18:26,1.7.0
ui ux 1 5 system working 1 5 just showing severice is unavailable so what is the purpose of this app,Service Unavailability,2021-10-07 13:25:57,1.4.1
complete failure only useful thing is i can see the outstanding balance that s also confusing it shows no of outstanding balances for different months and does not mean anything to me and for mobitel it again open the same old app i can t see any link to data mart we expected data mart to be included in my mobitel app earlier now this app made everything more complicated you guys need to hire good developers this is not what we expected,Data Sync Issue,2021-04-17 03:14:28,1.2.2
click more data usage display error please change the slt package for view data usage,UI Issue,2021-06-19 15:25:18,1.3.2
always service temporary anavailable message appears,Other,2025-03-26 18:23:28,
i cant add pakages in our wifi connection it always says server error when we try to add pakages specially when we try to add youth add on and youtube pakage it accepts once in every 100 attempts rarely since we couldnt activate those pakages via call this is a big head ache to us a spcial note is that all the mobiles that are logged in my slt app are showing the same internal server error issue we also changed our router once but still the problem is not cured this is happening since a year,Server Error,2023-08-21 12:15:44,1.7.0
something wrong in the app as i don t find my all accounts on front page fix this,Other,2022-10-08 10:58:24,1.5.2
this app has a bug when your anytime quota is over you can use night time quota at any time only need one simple thing to do tnx slt,Other,2023-01-18 17:10:56,1.5.9
worst app ever always service temporary unavailable or something thing wait wrong and also internet connection is the worst internet service provider,Service Unavailability,2023-05-26 13:57:18,1.6.1
useless service,General Error,2024-05-30 10:49:52,1.8.0
useless service,General Error,2021-06-27 08:05:42,1.3.2
online payment gateway doesn t work,Payment Issue,2020-06-24 15:16:52,1.0.0
yesterday i paid my outstanding amount via online but still it has not been updated,Update Issue,2021-06-19 16:54:07,1.3.2
such q useless app,General Error,2024-05-24 13:21:32,1.8.0
why these app terms and conditions are hidden i can t read it,Other,2021-06-07 12:57:42,1.3.2
seemingly useless app i have tried to download but it s taking days to download what others say must be correct,General Error,2021-06-25 03:55:43,
this app is not user friendly at all there is absolutely no way of following up on complaints that you log and you really don t even get any updates for your complaints slt why have you added such a feature it doesn t make any sense because my complaints have been lying there for months and months and there has been no response at all,Other,2023-08-22 06:24:29,1.7.0
app is good because many features are in one platform but the think is recently showing oops some thing went wrong please consider on it,General Error,2021-06-30 18:52:17,1.3.2
it s says cannot install,Other,2022-10-28 15:05:27,
stupid slt fix the f king app i can t see bill amount,Payment Issue,2021-06-09 06:38:01,1.3.2
not a usefull app,Other,2022-07-06 04:42:13,
the interface is a disaster payment portal is broken nothing makes sense on the interface i don t know why you can t make it as good as the slt broadband app,UI Issue,2021-04-15 14:27:24,1.2.2
too many bugs and the app crashes way too often,Crash/Freeze,2025-04-28 14:55:06,2.0.8
buggy app,Crash/Freeze,2023-11-18 16:48:24,
nice app no problem so far but being unable to move to sd card is troublesome,Other,2021-08-03 06:40:04,1.3.2
i yes it very good but now it ask for update when i choose to update update continue when open the app again update message come again what i have to do,Update Issue,2021-10-20 13:28:55,
your service very bad not working your apps sri lanka telecom services very poor,General Error,2022-07-12 08:38:15,1.4.2
very bad cannot log in,Login Error,2020-11-05 17:04:28,
useless app even the simplest thing is over complicated it takes hours to even set up an account let alone work with it haven t even figured out on how to add extra gb yet,Login Error,2020-07-01 03:47:42,
the real time update isn t working past three days it shows the same usage got screenshot of the display for evidence,UI Issue,2024-04-17 05:57:05,
fail app,Payment Issue,2020-11-28 17:47:16,1.0.6
can t login to this app,Login Error,2021-09-29 04:26:07,1.3.2
its really bad it s not working i can t log into it it s says oops something went wrong check you data i m so mad even i have data it s say this again but again you have to fix it before i uninstall it,Login Error,2021-07-09 03:58:39,1.3.2
app is always doesn t work i am unable to upgrade my package and pay my bill not recommending worst app,Payment Issue,2021-08-31 19:18:33,1.3.2
most useless and unsuccessful app can t even add a connection what i am supposed to do admire your bad ui,Network/Connection,2022-06-09 18:41:40,1.4.2
why the hell does scan for root access it doesn t work if i have root access in my phone and this isn t even a banking app it s just for slt services also the interface is god awful,UI Issue,2022-10-28 01:35:14,1.5.2
the app technically works i can pay my bills and see my usage stats but everything else is just below average the design somehow looks like an early 2010s webpage the colors are not eye pleasing options are cluttered everywhere no security at all some of the options changing mobile no notification settings etc don t work hilarious how the leading and profitable isp here make such an unintuitive confusing and ancient looking app because this seems done for a school project,Payment Issue,2025-07-01 11:23:55,2.1.0
after i added my 4g broad band account error message is popping out and say sorry account detail not available please fix this,Login Error,2020-06-11 19:24:17,1.0.0
can t login it says no internet connection,Login Error,2020-05-27 04:15:10,1.0.0
pleas fix that error ops smthing went wrong this message pops when ever i launch the app,General Error,2024-01-05 10:02:25,1.7.0
nothing works properly except for the pay button once i upgraded my internet connection through the app but it had not been upgraded when i called the slt service center they mentioned that the app doesn t support upgrades even if it has an connection upgrade button,General Error,2021-12-07 04:24:36,1.4.2
unlike slt broadband app this app does not show bonus data that has allocated to a connection need to be fixed,Network/Connection,2022-07-27 08:42:08,1.4.2
it s shows invalid phone number but my number is correct what the hell is this slt is a biggest service provider company in sri lanka but i don t why are they hiring a careless software engineer to develop the app,Contact Change Issue,2021-05-29 18:42:01,1.3.0
there s nothing much to say about this app it just works ok for the most part ui ux is garbage especially when considering what alternative solutions provide i think the web gui is far better than that of the app,Other,2022-06-20 07:13:22,1.4.2
why isn t service upgrade features doesn t work i need to upgrade my adsl connection to fiber connection,Network/Connection,2020-07-09 06:27:36,1.0.4
piece of trash app absolutely useless whenever an add on is about to expire the app conveniently crashes or displays couldn t load the user details package details so i have na way of telling if the add on is over and whether i m using add on data or standard data,General Error,2024-01-09 04:15:30,1.7.0
how is it possible that one of the leading companies in tech in sri lanka doesn t seem to have a single developer capable of building a working app there s 12 year olds who could do it,Other,2020-07-31 15:28:23,1.0.4
how do i log into my account try sevaral times called your hotline the way they are saying not working i cannot pay bills due to the covid very poor service,General Error,2021-08-22 22:12:13,1.3.2
even the otp code does not come correctly when i enter the otp code that comes in the email it always invalid tried several times app,OTP Issue,2022-10-13 19:46:43,1.5.2
the most useless app i have ever seen everything is disgusting from registration to day to day use everything is basic but their charges are high can t recommend,Login Error,2024-08-14 16:17:59,1.8.0
error,General Error,2023-02-03 11:53:10,1.6.0
can t login or create new account no network error appears though connected through the fibre frustrating worst app,Network/Connection,2023-02-03 09:20:23,1.6.0
bruh why are you paying your developers should fire them asap you guy s living in a cave or something haven t seen my dialog app they fixed their lagging issues months ago their app is super smooth now and this mfing app takes like 2 hours just show something and that s if only when i m lucky 95 of the time say oops something went wrong we are soooooo disappointed bruh i can t even begin to tell how disappointed i am bugs fix krl,Login Error,2024-05-18 14:55:57,
so many bugs cant even log in to the account so annoying worst app ever,UI Issue,2020-12-29 12:39:23,1.0.6
a good app need updates continuously improve the portal further there are some bugs in the app fix them quickly myslt brings great convenience to slt customers,Other,2023-01-31 16:22:33,1.5.9
new update not support android 5 and downward please fix this because most peoples dont have expensive mobile phones,Update Issue,2021-06-26 10:02:36,1.3.2
utterly useless app for a internet service provider this is the sloppiest app ive ever seen i don t know why they even bother putting it on the app store needs immediate improvement,Network/Connection,2020-05-28 08:15:48,1.0.0
i cannot log it always says usernam invalid which given by slt,Login Error,2021-05-28 16:45:39,1.3.2
a totally horrible app i did my bill payment everytime with the app but today i paid my bill but there s no otp or any privacy for the debit card payment it only says the transaction successful but when i check my last bill there s no update i checked with the slt customer service and they also not updated about the last transaction i m lucky to have the transaction id otherwise they will not believe,Payment Issue,2022-09-16 02:49:38,
they market themselves like they are the only one best isp in the country but they can t even maintain their own app if i open the app 10 times per a day 8 times actually it is broken says service is temporary unavailable or some sh these days they are giving an christmas offer with free 50gb social media package for 14days even it s free i can t use it because my main package data is reached out the limit i mean what s there in free why they ve became this cheap,Service Unavailability,2023-12-28 20:37:19,1.7.0
says no internet and doesn t connect,Network/Connection,2023-04-26 00:54:29,1.6.1
can t pay bills doesn t show anything important data other than internet data balance so please pay money for your app developer,Network/Connection,2025-01-06 02:24:29,2.0.8
no self service fearures to manage anything ourselves daily usage paid details report not working just like slt customer service terrible,General Error,2024-09-29 01:49:15,1.8.0
this app is not working i entired my u name password show it invalid,General Error,2021-09-22 04:34:00,
my recent encounter with the myslt app left me deeply disappointed not only due to the unexpected package change and billing errors but also because of the lackluster customer service that followed this combination of issues has severely impacted my trust and satisfaction with the myslt app firstly the app s unexpected alteration of my package to a 60000lkr package without prior notification or consent my recent encounter with the myslt app left me deeply disappointed,Other,2023-10-11 11:33:22,1.7.0
after bill payment no receipt lot of bugs very bad,Crash/Freeze,2023-12-28 16:08:40,1.7.0
after latest update we can t login no use of using this,Login Error,2021-04-10 07:23:42,1.0.9
one of the worst and useless apps ever can not do or find anything on this seems this app is made just for the sake of creating an app perfect example why these companies should be privatised,General Error,2023-01-01 06:06:03,1.4.2
this app doesn t work old app didn t accept my user credentials all of a sudden i uninstalled that and trying to install this but can t install,Login Error,2022-07-07 18:05:47,
terrible app with bad user experience most of the features not working as expected user have to go to the web site and find things because app doesn t provide many information need a bigger upgrade on this,UI Issue,2020-10-27 15:56:24,1.0.6
doesn t let get any data add on packs doesn t respond to touch inputs update it was solved after sometime don t know how it happened,Update Issue,2022-07-07 13:16:23,
couldn t sign in it says to type 10 digit password even after i type my 10 digit password,Login Error,2023-08-19 05:17:11,1.7.0
is this app working now,Other,2023-02-01 03:16:31,1.5.9
youtube 7 days package cannot be unsubscribed in this app,Other,2021-11-21 06:22:06,1.4.1
halfassed app cant do anything cant update info cant add an account cant even log in properly previous version was much better than this stupid app,Update Issue,2022-08-28 11:36:07,1.4.2
not worth even a single star the signal connection is terrible and the customer service is poor they know they have a poor connection and that customers are facing issues but they act like there s no problem we re paying but the data gets used up quickly without proper coverage slt is turning out to be just as bad as lanka bell the coordinators and staff at aluthmawatha are very lazy they don t provide any solutions and just tell us to go to the head office because they themselves do,Network/Connection,2025-02-12 10:00:44,
worst app i ever experienced among all telecommunication company softwares full of errors which newer resolved even subscribe some services such as protocol reports that also full of issues and sometimes it doesn t even show the details and take days to fix it,Other,2024-09-04 12:08:27,1.8.0
why the remaining data is not displayed for unlimited flash 10 users,Data Sync Issue,2024-11-08 15:21:17,2.0.2
can t pay ebill can t type otp number please fix this,OTP Issue,2021-04-24 16:35:57,1.2.2
notification sms and email not receiving slt service is very very poor,Other,2024-05-24 01:03:44,1.8.0
app is not functioning in rooted devices so fix this quickly,Other,2021-04-15 11:22:19,1.2.2
why is this app restricted for root users,Other,2022-03-29 13:50:06,1.4.2
a connection with a very weak internet service provider very sad contributor a relationship where the bill pays no valuable service,Network/Connection,2021-05-27 16:16:51,1.3.0
very poor applications,Other,2021-07-15 15:40:20,1.3.2
this app is complete garbage i got a new fibre connection after days of them bugging us and now after i reinstalled the app under their instructions i cannot add in my existing account and check details anymore,Network/Connection,2024-07-04 19:16:38,1.8.0
a very poor and bad app not useful by the way customer service is very stupid and they don t answer call on time,Other,2022-12-30 05:40:53,1.5.4
totally worst app it s servers still showing error we could not unsubscribe some data automatically increased my bill payment value,Payment Issue,2021-08-03 14:44:19,1.3.2
terrible service app doesn t work most of the time and even when it does it s always so slow and no it s not about my phone i m on a miui 12 07 need a lot of improvement,Slow Performance,2021-09-22 08:34:10,
this app is trash doesn t even let me add my accounts,Other,2022-07-07 03:07:24,1.4.2
the worst apication i ve ever seen service unavailable every time the app is opened,Service Unavailability,2023-02-02 05:19:56,1.6.0
everytime i try to use this peace of trash it says service temporary unavailable or something went wrong really this is the best a company like your can do can t even maintain a goddamn mobile app,General Error,2023-02-02 04:53:17,1.6.0
very bad app feature,Other,2023-08-04 16:31:08,
sao many bugs accounts not showing properly,UI Issue,2020-06-18 01:55:21,1.0.0
can t login it says no internet while i m connected to slt fiber connection test the app before release,Login Error,2020-06-07 16:18:09,1.0.0
hi i was buy a slt mobitel router four days ago but still i can t log into your app and see my data details i have try on web also but its impossible every time i try the app indicates adding erro please fix that,Login Error,2023-12-16 08:21:53,1.7.0
unistalled what a shame that big business entity like slt can t provide a at least proper working app to its customers,Other,2020-12-05 17:45:14,1.0.4
whenever i open the app it says update available when i click update it redirects to play store but does not update at all instead shows uninstall open can the develper s please explain how to update,Update Issue,2023-08-19 04:08:15,
i was thrilled to hear about an all in one app from slt started using it last year until today the app is very stale no new features basic feature expected is not there like billing details at minimum the bill details of last three months should be visible in the app not the bill amount only because the e bill service is also a hit and miss affair once in a while the bill does not come i am competent enough to locate the bill if it arrives in to the mail service,Payment Issue,2023-02-24 20:53:11,1.6.1
this is a very useless app that i ever see i could not get any help from this but i think dialog app is very effectie than this and this can not beat it ever,General Error,2023-02-16 14:50:07,1.6.0
i hv unlimited flash 5 package and this app doesn t update data usage in real time actually after the 7 days of starting the new quota it still shows usage as zero,Update Issue,2022-08-14 12:13:07,1.4.2
have a message board on the app to inform the customer of any common outage problems related to his area or islandwide or if his connection is disconnected for some reason state that on this message board so that slt can avoid many calls to their hotline call centre,Network/Connection,2022-03-30 02:57:33,1.4.2
the worst app can t even sign up it keep saying the 6 digit code i enetered is null,Login Error,2021-09-21 09:18:54,1.3.2
keeps on crashing,Other,2021-04-24 14:54:22,1.2.2
cant even login,Login Error,2021-10-15 08:57:09,1.4.1
cant even login,Login Error,2021-03-15 07:47:04,1.0.6
change contact information is not working,Contact Change Issue,2025-04-25 02:20:24,2.1.0
the ui is awful needs some time to load even the ui with the data usage too many clicks just to view daily usage and no way to view today s usage fix these issues asap,Data Sync Issue,2022-07-16 13:36:51,1.4.2
if this is the preferred way slt wants to report problems then they don t want to hear about customers problems can t even register,Login Error,2021-09-19 19:54:14,1.3.2
full of errors,Other,2025-04-17 06:11:42,
poor connection don t activite any data plans,Network/Connection,2024-04-13 16:38:24,1.5.2
i pay extra to get daily usage reports of my wifi connection but as of last month july 2023 the app is not showing the reports for certain days coincidentally these are days in which i have apparently consumed a high amount of data according to the app if we pay for an extra service we expect that service to be fully available please don t cheat customers,Network/Connection,2023-08-04 10:39:02,1.6.1
app gets forced closed when loading dash board after login before the update it was working fine,Slow Performance,2021-04-16 01:41:17,1.2.2
it isn t user friendly it s hard to understand and not updated on time today s usage is updated tomorrow if you want an advanced report i think you need to pay extra try to make an app like dialog self care live usage updates easy to understand reports without extra pay or submission,Update Issue,2025-01-13 09:58:14,2.0.8
worst app always giving errors,Other,2023-03-04 01:24:41,1.6.1
app crashes on start worst app so far,Crash/Freeze,2021-04-18 07:45:08,
good app but it has some navigation errors and delays but working fine when it comes to the online payments,Other,2024-08-09 01:38:49,1.8.0
this is very poor application nothing to use even not showing bill payment history monthly payment connection details nothing no updated,Network/Connection,2023-01-21 11:34:28,1.5.9
can t log my stl account always says please try again later,Login Error,2021-06-20 02:11:41,1.3.2
no any way to view the detailed bill also only ebill or post cant we get both facility with any value added,Payment Issue,2021-05-16 06:00:37,1.2.8
dont install useless,General Error,2021-06-26 05:49:17,1.3.2
can we have a twitter package with other messaging apps,Other,2021-09-09 06:31:07,
today i tried to open this but this is not working,General Error,2023-02-02 15:51:17,1.6.0
the app is crashing at the start,Other,2021-04-14 01:28:04,1.2.2
slt have two myslt apps,Other,2020-10-24 16:23:46,1.0.5
worst application ever cannot add an account cannot register even such a shame,Login Error,2023-09-01 10:16:17,1.7.0
can t login to the account it says my number is wrong,Login Error,2020-05-18 04:43:52,1.0.0
very poor experience full of bugs,UI Issue,2025-05-20 15:16:47,2.0.8
worst app when i try to add my slt username it say fail to add slt data,Login Error,2021-06-21 10:01:57,1.3.2
why can t you guys show the usage simply in mb or gb instead of the percentage one more thing this app only shows me the usage of the day bundle and the usage of the whole bundle it is confusing if you guys issue data as day and night bundles why don t you show the usage like that,Data Sync Issue,2020-10-23 13:49:00,1.0.6
account user name invalid error not working this app properly for last update i have a log time account bad online service bad service not working authorities username and password not capture lol plz give this app develope for professional developeer,General Error,2023-03-02 18:42:36,1.6.1
another unsuccessful effort by slt app is full of bugs and security faults i would never use this app be careful when you provide payment information to this app,UI Issue,2020-06-25 07:45:17,1.0.0
5 5 i m trying to get the new update but it only shows update but not updating,Update Issue,2023-08-19 16:03:21,1.4.2
bad service service down till morning now its near 4 hours application is down,Other,2024-08-07 05:48:14,1.8.0
the app before with the blue app logo stopped working saying my username and password is incorrect so i uninstalled and installed this one but it says the same thing that my username and password is incorrect and there s no way for me to check my gb usage or atleast add ons i hope y all sort this out,Login Error,2022-07-05 16:10:35,
this app needs a huge change starting from boring user interface only usable buttons are the pay package balance buttons every other thing is useless exept for promotions what s the meaning of your moto the connection when we have to install another app to check mobile connection info lol,UI Issue,2021-12-22 12:32:39,1.4.2
un useful app,Other,2022-07-04 17:36:42,1.4.2
i cleared all the amounts in bills but still the service is barred,Other,2023-02-18 07:42:24,1.6.1
this app added 3 additional extra packages without giving any acknowledgement once custom care service agreed and accepted the fault on their side now they forget all the things and i have to pay for them,Payment Issue,2022-01-20 05:01:13,1.4.2
worst app won t proceed further while trying to pay the bills please fix it,Payment Issue,2021-07-20 03:01:47,1.3.2
worst app ever seen every time i go to pay the bill an error message appears,General Error,2022-09-22 15:58:06,1.4.2
good but sometimes it crash and showing n a in data usage i think that is the only problem i think you will fix it soon asap,Crash/Freeze,2021-11-27 00:53:23,1.4.1
my payment isn t getting processed,Payment Issue,2022-06-14 08:11:58,1.4.2
not satisfied at all although you reset the password and retype it again says invalid username and password where s the support team here terrible this app,Login Error,2025-04-25 14:08:33,2.1.0
not bad but there is a bug since around 2 or 3 months after payment made bill not genrated it show empty screen,Payment Issue,2024-01-18 02:42:25,1.7.0
what the heck i can t change my package using this app i don t get the chance to look at all the range packages and choose what i want instead they only show higher valued packages than you currently use simply i can t change from current one to a cheap one calling hotline is a waste of time taking weeks to reach them,Contact Change Issue,2023-12-31 13:23:21,1.7.0
user interface is full of shi cant even log in to acc,UI Issue,2022-07-07 19:26:07,1.4.2
what can i do with this app nothing did you get it nothing you can do,Other,2021-05-18 05:23:34,
it crash always,Crash/Freeze,2021-05-31 19:08:15,1.3.2
even though the app can perform its basics it is not up to the standard as slt customers expect most of the times the app is stalled can not add multiple connections more than 4 also it is not easy to perform tasks easily,Other,2023-05-29 14:56:20,1.6.1
happy day select system error router massage,General Error,2024-04-11 15:51:03,
cannot login with the same credentials i use to login to the web portal useless,Login Error,2022-05-11 10:37:48,1.4.2
apo not working,General Error,2021-05-09 12:54:05,1.2.8
not working properly not familier i have to waste of more time to doing some work via the app must be improved as the main telecommunication company in the country,General Error,2022-10-19 06:09:20,1.4.2
really bad i try to sign and always pop up invalid passwor or user name and also my father went slt gampaha branch to create slt account to phone the branch members are also even dont know how to create the account finally we decided to switch again to dialog such a biggest company failed to create app for customers really bad and wrost,Login Error,2021-05-15 05:11:05,
though it is generally ok it gets stuck frequently,Crash/Freeze,2025-04-28 12:03:07,2.1.0
